run_name,status,experiment_type,classifier_label,preprocessing.mode,preprocessing.image_size,feature_extraction.backbone,classifier.name,classifier.params,loaded_from_cache,fit_time_seconds,feature_dir,model,accuracy,precision_macro,recall_macro,f1_macro,wrong_predictions,total_samples,error_rate,roc_auc
108__mode-augmented__size-224__backbone-efficientnet_b0__clf-votingsoft_default,ok,ensemble,VotingSoft_default,augmented,224,efficientnet_b0,voting_soft,"{""voting"": ""soft"", ""n_jobs"": -1, ""lr"": {""C"": 0.1, ""max_iter"": 3000, ""n_jobs"": -1}, ""svm"": {""C"": 0.1, ""probability"": true}, ""rf"": {""n_estimators"": 100, ""n_jobs"": -1}}",True,46.841063,/content/cat-dog-image-classifier/features/grid_search_exhaustive_132/mode-augmented__size-224__norm-imagenet__backbone-efficientnet_b0__pretrained-true,108__mode-augmented__size-224__backbone-efficientnet_b0__clf-votingsoft_default,0.9970089730807578,0.9970238095238095,0.9970119521912351,0.9970089611880657,3,1003,0.0029910269192422734,0.9999483105502143
099__mode-augmented__size-224__backbone-efficientnet_b0__clf-lr_c0.1,ok,base,LR_C0.1,augmented,224,efficientnet_b0,logistic_regression,"{""C"": 0.1, ""max_iter"": 3000, ""class_weight"": null, ""n_jobs"": -1}",False,83.627587,/content/cat-dog-image-classifier/features/grid_search_exhaustive_132/mode-augmented__size-224__norm-imagenet__backbone-efficientnet_b0__pretrained-true,099__mode-augmented__size-224__backbone-efficientnet_b0__clf-lr_c0.1,0.9970089730807578,0.9970238095238095,0.9970119521912351,0.9970089611880657,3,1003,0.0029910269192422734,0.9999721672193461
109__mode-augmented__size-224__backbone-efficientnet_b0__clf-stacking_default,ok,ensemble,Stacking_default,augmented,224,efficientnet_b0,stacking,"{""n_jobs"": -1, ""lr"": {""C"": 0.1, ""max_iter"": 3000, ""n_jobs"": -1}, ""svm"": {""C"": 0.1, ""probability"": true}, ""rf"": {""n_estimators"": 100, ""n_jobs"": -1}, ""final_max_iter"": 3000}",True,223.318028,/content/cat-dog-image-classifier/features/grid_search_exhaustive_132/mode-augmented__size-224__norm-imagenet__backbone-efficientnet_b0__pretrained-true,109__mode-augmented__size-224__backbone-efficientnet_b0__clf-stacking_default,0.9970089730807578,0.9970238095238095,0.9970119521912351,0.9970089611880657,3,1003,0.0029910269192422734,0.9999244538810824
076__mode-letterbox__size-224__backbone-efficientnet_b0__clf-stacking_default,ok,ensemble,Stacking_default,letterbox,224,efficientnet_b0,stacking,"{""n_jobs"": -1, ""lr"": {""C"": 0.1, ""max_iter"": 3000, ""n_jobs"": -1}, ""svm"": {""C"": 0.1, ""probability"": true}, ""rf"": {""n_estimators"": 100, ""n_jobs"": -1}, ""final_max_iter"": 3000}",True,232.601939,/content/cat-dog-image-classifier/features/grid_search_exhaustive_132/mode-letterbox__size-224__norm-imagenet__backbone-efficientnet_b0__pretrained-true,076__mode-letterbox__size-224__backbone-efficientnet_b0__clf-stacking_default,0.996011964107677,0.9960178926441352,0.9960139481992191,0.996011960143458,4,1003,0.003988035892323031,0.9999642149963022
010__mode-stretch__size-224__backbone-efficientnet_b0__clf-stacking_default,ok,ensemble,Stacking_default,stretch,224,efficientnet_b0,stacking,"{""n_jobs"": -1, ""lr"": {""C"": 0.1, ""max_iter"": 3000, ""n_jobs"": -1}, ""svm"": {""C"": 0.1, ""probability"": true}, ""rf"": {""n_estimators"": 100, ""n_jobs"": -1}, ""final_max_iter"": 3000}",True,220.981887,/content/cat-dog-image-classifier/features/grid_search_exhaustive_132/mode-stretch__size-224__norm-imagenet__backbone-efficientnet_b0__pretrained-true,010__mode-stretch__size-224__backbone-efficientnet_b0__clf-stacking_default,0.9950149551345963,0.9950159442072031,0.9950159442072031,0.9950149551345963,5,1003,0.004985044865403789,0.9998687883197748
034__mode-center_crop__size-224__backbone-efficientnet_b0__clf-lr_c1.0,ok,base,LR_C1.0,center_crop,224,efficientnet_b0,logistic_regression,"{""C"": 1.0, ""max_iter"": 3000, ""class_weight"": null, ""n_jobs"": -1}",True,0.564072,/content/cat-dog-image-classifier/features/grid_search_exhaustive_132/mode-center_crop__size-224__norm-imagenet__backbone-efficientnet_b0__pretrained-true,034__mode-center_crop__size-224__backbone-efficientnet_b0__clf-lr_c1.0,0.9950149551345963,0.9950178926441352,0.9950139561514422,0.9950149353134428,5,1003,0.004985044865403789,0.9998568599852089
075__mode-letterbox__size-224__backbone-efficientnet_b0__clf-votingsoft_default,ok,ensemble,VotingSoft_default,letterbox,224,efficientnet_b0,voting_soft,"{""voting"": ""soft"", ""n_jobs"": -1, ""lr"": {""C"": 0.1, ""max_iter"": 3000, ""n_jobs"": -1}, ""svm"": {""C"": 0.1, ""probability"": true}, ""rf"": {""n_estimators"": 100, ""n_jobs"": -1}}",True,49.851682,/content/cat-dog-image-classifier/features/grid_search_exhaustive_132/mode-letterbox__size-224__norm-imagenet__backbone-efficientnet_b0__pretrained-true,075__mode-letterbox__size-224__backbone-efficientnet_b0__clf-votingsoft_default,0.9950149551345963,0.99502974202373,0.9950179322629641,0.9950149353134428,5,1003,0.004985044865403789,0.9999483105502143
066__mode-letterbox__size-224__backbone-efficientnet_b0__clf-lr_c0.1,ok,base,LR_C0.1,letterbox,224,efficientnet_b0,logistic_regression,"{""C"": 0.1, ""max_iter"": 3000, ""class_weight"": null, ""n_jobs"": -1}",False,86.50631,/content/cat-dog-image-classifier/features/grid_search_exhaustive_132/mode-letterbox__size-224__norm-imagenet__backbone-efficientnet_b0__pretrained-true,066__mode-letterbox__size-224__backbone-efficientnet_b0__clf-lr_c0.1,0.9950149551345963,0.99502974202373,0.9950179322629641,0.9950149353134428,5,1003,0.004985044865403789,0.9999562627732582
100__mode-augmented__size-224__backbone-efficientnet_b0__clf-lr_c1.0,ok,base,LR_C1.0,augmented,224,efficientnet_b0,logistic_regression,"{""C"": 1.0, ""max_iter"": 3000, ""class_weight"": null, ""n_jobs"": -1}",True,0.634025,/content/cat-dog-image-classifier/features/grid_search_exhaustive_132/mode-augmented__size-224__norm-imagenet__backbone-efficientnet_b0__pretrained-true,100__mode-augmented__size-224__backbone-efficientnet_b0__clf-lr_c1.0,0.9950149551345963,0.9950592885375493,0.9950199203187251,0.9950148758490367,5,1003,0.004985044865403789,0.9999602388847801
037__mode-center_crop__size-224__backbone-efficientnet_b0__clf-svmlinear_c1.0,ok,base,SVMLinear_C1.0,center_crop,224,efficientnet_b0,svm_linear,"{""C"": 1.0, ""probability"": true, ""class_weight"": null}",True,12.790265,/content/cat-dog-image-classifier/features/grid_search_exhaustive_132/mode-center_crop__size-224__norm-imagenet__backbone-efficientnet_b0__pretrained-true,037__mode-center_crop__size-224__backbone-efficientnet_b0__clf-svmlinear_c1.0,0.9950149551345963,0.995035587896139,0.9950119680956812,0.9950148758490367,5,1003,0.004985044865403789,0.9997892660893353
036__mode-center_crop__size-224__backbone-efficientnet_b0__clf-svmlinear_c0.1,ok,base,SVMLinear_C0.1,center_crop,224,efficientnet_b0,svm_linear,"{""C"": 0.1, ""probability"": true, ""class_weight"": null}",True,12.85876,/content/cat-dog-image-classifier/features/grid_search_exhaustive_132/mode-center_crop__size-224__norm-imagenet__backbone-efficientnet_b0__pretrained-true,036__mode-center_crop__size-224__backbone-efficientnet_b0__clf-svmlinear_c0.1,0.9950149551345963,0.995035587896139,0.9950119680956812,0.9950148758490367,5,1003,0.004985044865403789,0.9997892660893353
035__mode-center_crop__size-224__backbone-efficientnet_b0__clf-lr_c10.0,ok,base,LR_C10.0,center_crop,224,efficientnet_b0,logistic_regression,"{""C"": 10.0, ""max_iter"": 3000, ""class_weight"": null, ""n_jobs"": -1}",True,0.565792,/content/cat-dog-image-classifier/features/grid_search_exhaustive_132/mode-center_crop__size-224__norm-imagenet__backbone-efficientnet_b0__pretrained-true,035__mode-center_crop__size-224__backbone-efficientnet_b0__clf-lr_c10.0,0.9940179461615155,0.9940179402151872,0.9940179402151872,0.9940179402151872,6,1003,0.005982053838484547,0.9998131227584671
009__mode-stretch__size-224__backbone-efficientnet_b0__clf-votingsoft_default,ok,ensemble,VotingSoft_default,stretch,224,efficientnet_b0,voting_soft,"{""voting"": ""soft"", ""n_jobs"": -1, ""lr"": {""C"": 0.1, ""max_iter"": 3000, ""n_jobs"": -1}, ""svm"": {""C"": 0.1, ""probability"": true}, ""rf"": {""n_estimators"": 100, ""n_jobs"": -1}}",True,49.013316,/content/cat-dog-image-classifier/features/grid_search_exhaustive_132/mode-stretch__size-224__norm-imagenet__backbone-efficientnet_b0__pretrained-true,009__mode-stretch__size-224__backbone-efficientnet_b0__clf-votingsoft_default,0.9940179461615155,0.9940238568588469,0.9940199282709481,0.9940179402151872,6,1003,0.005982053838484547,0.9998966211004285
000__mode-stretch__size-224__backbone-efficientnet_b0__clf-lr_c0.1,ok,base,LR_C0.1,stretch,224,efficientnet_b0,logistic_regression,"{""C"": 0.1, ""max_iter"": 3000, ""class_weight"": null, ""n_jobs"": -1}",False,72.320459,/content/cat-dog-image-classifier/features/grid_search_exhaustive_132/mode-stretch__size-224__norm-imagenet__backbone-efficientnet_b0__pretrained-true,000__mode-stretch__size-224__backbone-efficientnet_b0__clf-lr_c0.1,0.9940179461615155,0.9940238568588469,0.9940199282709481,0.9940179402151872,6,1003,0.005982053838484547,0.9999522866617362
002__mode-stretch__size-224__backbone-efficientnet_b0__clf-lr_c10.0,ok,base,LR_C10.0,stretch,224,efficientnet_b0,logistic_regression,"{""C"": 10.0, ""max_iter"": 3000, ""class_weight"": null, ""n_jobs"": -1}",True,0.470513,/content/cat-dog-image-classifier/features/grid_search_exhaustive_132/mode-stretch__size-224__norm-imagenet__backbone-efficientnet_b0__pretrained-true,002__mode-stretch__size-224__backbone-efficientnet_b0__clf-lr_c10.0,0.9940179461615155,0.994045488886238,0.9940219163267091,0.9940178926441352,6,1003,0.005982053838484547,0.9999284299926045
001__mode-stretch__size-224__backbone-efficientnet_b0__clf-lr_c1.0,ok,base,LR_C1.0,stretch,224,efficientnet_b0,logistic_regression,"{""C"": 1.0, ""max_iter"": 3000, ""class_weight"": null, ""n_jobs"": -1}",True,0.501566,/content/cat-dog-image-classifier/features/grid_search_exhaustive_132/mode-stretch__size-224__norm-imagenet__backbone-efficientnet_b0__pretrained-true,001__mode-stretch__size-224__backbone-efficientnet_b0__clf-lr_c1.0,0.9940179461615155,0.994045488886238,0.9940219163267091,0.9940178926441352,6,1003,0.005982053838484547,0.9999284299926045
101__mode-augmented__size-224__backbone-efficientnet_b0__clf-lr_c10.0,ok,base,LR_C10.0,augmented,224,efficientnet_b0,logistic_regression,"{""C"": 10.0, ""max_iter"": 3000, ""class_weight"": null, ""n_jobs"": -1}",True,0.572599,/content/cat-dog-image-classifier/features/grid_search_exhaustive_132/mode-augmented__size-224__norm-imagenet__backbone-efficientnet_b0__pretrained-true,101__mode-augmented__size-224__backbone-efficientnet_b0__clf-lr_c10.0,0.9940179461615155,0.994045488886238,0.9940219163267091,0.9940178926441352,6,1003,0.005982053838484547,0.9999602388847801
068__mode-letterbox__size-224__backbone-efficientnet_b0__clf-lr_c10.0,ok,base,LR_C10.0,letterbox,224,efficientnet_b0,logistic_regression,"{""C"": 10.0, ""max_iter"": 3000, ""class_weight"": null, ""n_jobs"": -1}",True,0.604439,/content/cat-dog-image-classifier/features/grid_search_exhaustive_132/mode-letterbox__size-224__norm-imagenet__backbone-efficientnet_b0__pretrained-true,068__mode-letterbox__size-224__backbone-efficientnet_b0__clf-lr_c10.0,0.9940179461615155,0.994045488886238,0.9940219163267091,0.9940178926441352,6,1003,0.005982053838484547,0.9999244538810824
067__mode-letterbox__size-224__backbone-efficientnet_b0__clf-lr_c1.0,ok,base,LR_C1.0,letterbox,224,efficientnet_b0,logistic_regression,"{""C"": 1.0, ""max_iter"": 3000, ""class_weight"": null, ""n_jobs"": -1}",True,0.647842,/content/cat-dog-image-classifier/features/grid_search_exhaustive_132/mode-letterbox__size-224__norm-imagenet__backbone-efficientnet_b0__pretrained-true,067__mode-letterbox__size-224__backbone-efficientnet_b0__clf-lr_c1.0,0.9940179461615155,0.994045488886238,0.9940219163267091,0.9940178926441352,6,1003,0.005982053838484547,0.9999443344386924
042__mode-center_crop__size-224__backbone-efficientnet_b0__clf-votingsoft_default,ok,ensemble,VotingSoft_default,center_crop,224,efficientnet_b0,voting_soft,"{""voting"": ""soft"", ""n_jobs"": -1, ""lr"": {""C"": 0.1, ""max_iter"": 3000, ""n_jobs"": -1}, ""svm"": {""C"": 0.1, ""probability"": true}, ""rf"": {""n_estimators"": 100, ""n_jobs"": -1}}",True,48.351774,/content/cat-dog-image-classifier/features/grid_search_exhaustive_132/mode-center_crop__size-224__norm-imagenet__backbone-efficientnet_b0__pretrained-true,042__mode-center_crop__size-224__backbone-efficientnet_b0__clf-votingsoft_default,0.9940179461615155,0.994027738015714,0.9940159521594262,0.9940178926441352,6,1003,0.005982053838484547,0.9999045733234726
033__mode-center_crop__size-224__backbone-efficientnet_b0__clf-lr_c0.1,ok,base,LR_C0.1,center_crop,224,efficientnet_b0,logistic_regression,"{""C"": 0.1, ""max_iter"": 3000, ""class_weight"": null, ""n_jobs"": -1}",False,72.246852,/content/cat-dog-image-classifier/features/grid_search_exhaustive_132/mode-center_crop__size-224__norm-imagenet__backbone-efficientnet_b0__pretrained-true,033__mode-center_crop__size-224__backbone-efficientnet_b0__clf-lr_c0.1,0.9940179461615155,0.994027738015714,0.9940159521594262,0.9940178926441352,6,1003,0.005982053838484547,0.9998926449889067
043__mode-center_crop__size-224__backbone-efficientnet_b0__clf-stacking_default,ok,ensemble,Stacking_default,center_crop,224,efficientnet_b0,stacking,"{""n_jobs"": -1, ""lr"": {""C"": 0.1, ""max_iter"": 3000, ""n_jobs"": -1}, ""svm"": {""C"": 0.1, ""probability"": true}, ""rf"": {""n_estimators"": 100, ""n_jobs"": -1}, ""final_max_iter"": 3000}",True,223.309046,/content/cat-dog-image-classifier/features/grid_search_exhaustive_132/mode-center_crop__size-224__norm-imagenet__backbone-efficientnet_b0__pretrained-true,043__mode-center_crop__size-224__backbone-efficientnet_b0__clf-stacking_default,0.9940179461615155,0.994027738015714,0.9940159521594262,0.9940178926441352,6,1003,0.005982053838484547,0.9999165016580385
071__mode-letterbox__size-224__backbone-efficientnet_b0__clf-rf_n100_depthnone,ok,base,RF_n100_depthNone,letterbox,224,efficientnet_b0,random_forest,"{""n_estimators"": 100, ""max_depth"": null, ""n_jobs"": -1, ""class_weight"": null}",True,34.133875,/content/cat-dog-image-classifier/features/grid_search_exhaustive_132/mode-letterbox__size-224__norm-imagenet__backbone-efficientnet_b0__pretrained-true,071__mode-letterbox__size-224__backbone-efficientnet_b0__clf-rf_n100_depthnone,0.9940179461615155,0.9940532523202456,0.9940139641036652,0.9940177974997615,6,1003,0.005982053838484547,0.9998111347027062
102__mode-augmented__size-224__backbone-efficientnet_b0__clf-svmlinear_c0.1,ok,base,SVMLinear_C0.1,augmented,224,efficientnet_b0,svm_linear,"{""C"": 0.1, ""probability"": true, ""class_weight"": null}",True,13.440621,/content/cat-dog-image-classifier/features/grid_search_exhaustive_132/mode-augmented__size-224__norm-imagenet__backbone-efficientnet_b0__pretrained-true,102__mode-augmented__size-224__backbone-efficientnet_b0__clf-svmlinear_c0.1,0.9930209371884346,0.9930219242789322,0.9930219242789322,0.9930209371884346,7,1003,0.006979062811565304,0.9999165016580385
103__mode-augmented__size-224__backbone-efficientnet_b0__clf-svmlinear_c1.0,ok,base,SVMLinear_C1.0,augmented,224,efficientnet_b0,svm_linear,"{""C"": 1.0, ""probability"": true, ""class_weight"": null}",True,13.462092,/content/cat-dog-image-classifier/features/grid_search_exhaustive_132/mode-augmented__size-224__norm-imagenet__backbone-efficientnet_b0__pretrained-true,103__mode-augmented__size-224__backbone-efficientnet_b0__clf-svmlinear_c1.0,0.9930209371884346,0.9930219242789322,0.9930219242789322,0.9930209371884346,7,1003,0.006979062811565304,0.9999165016580385
038__mode-center_crop__size-224__backbone-efficientnet_b0__clf-rf_n100_depthnone,ok,base,RF_n100_depthNone,center_crop,224,efficientnet_b0,random_forest,"{""n_estimators"": 100, ""max_depth"": null, ""n_jobs"": -1, ""class_weight"": null}",True,33.488929,/content/cat-dog-image-classifier/features/grid_search_exhaustive_132/mode-center_crop__size-224__norm-imagenet__backbone-efficientnet_b0__pretrained-true,038__mode-center_crop__size-224__backbone-efficientnet_b0__clf-rf_n100_depthnone,0.9930209371884346,0.993041472821981,0.9930179481674102,0.9930208261886515,7,1003,0.006979062811565304,0.9998031824796622
126__mode-augmented__size-224__backbone-vgg16__clf-rf_n100_depthnone,ok,base,RF_n100_depthNone,augmented,224,vgg16,random_forest,"{""n_estimators"": 100, ""max_depth"": null, ""n_jobs"": -1, ""class_weight"": null}",True,17.090304,/content/cat-dog-image-classifier/features/grid_search_exhaustive_132/mode-augmented__size-224__norm-imagenet__backbone-vgg16__pretrained-true,126__mode-augmented__size-224__backbone-vgg16__clf-rf_n100_depthnone,0.9920239282153539,0.9920298210735586,0.9920259083426772,0.9920239202869162,8,1003,0.007976071784646061,0.9997355885837885
120__mode-augmented__size-224__backbone-resnet18__clf-stacking_default,ok,ensemble,Stacking_default,augmented,224,resnet18,stacking,"{""n_jobs"": -1, ""lr"": {""C"": 0.1, ""max_iter"": 3000, ""n_jobs"": -1}, ""svm"": {""C"": 0.1, ""probability"": true}, ""rf"": {""n_estimators"": 100, ""n_jobs"": -1}, ""final_max_iter"": 3000}",True,128.207189,/content/cat-dog-image-classifier/features/grid_search_exhaustive_132/mode-augmented__size-224__norm-imagenet__backbone-resnet18__pretrained-true,120__mode-augmented__size-224__backbone-resnet18__clf-stacking_default,0.9920239282153539,0.9920239202869162,0.9920239202869162,0.9920239202869162,8,1003,0.007976071784646061,0.9997375766395497
004__mode-stretch__size-224__backbone-efficientnet_b0__clf-svmlinear_c1.0,ok,base,SVMLinear_C1.0,stretch,224,efficientnet_b0,svm_linear,"{""C"": 1.0, ""probability"": true, ""class_weight"": null}",True,13.211922,/content/cat-dog-image-classifier/features/grid_search_exhaustive_132/mode-stretch__size-224__norm-imagenet__backbone-efficientnet_b0__pretrained-true,004__mode-stretch__size-224__backbone-efficientnet_b0__clf-svmlinear_c1.0,0.9920239282153539,0.99205137381208,0.9920278963984381,0.9920238568588469,8,1003,0.007976071784646061,0.999836979427599
003__mode-stretch__size-224__backbone-efficientnet_b0__clf-svmlinear_c0.1,ok,base,SVMLinear_C0.1,stretch,224,efficientnet_b0,svm_linear,"{""C"": 0.1, ""probability"": true, ""class_weight"": null}",True,13.222271,/content/cat-dog-image-classifier/features/grid_search_exhaustive_132/mode-stretch__size-224__norm-imagenet__backbone-efficientnet_b0__pretrained-true,003__mode-stretch__size-224__backbone-efficientnet_b0__clf-svmlinear_c0.1,0.9920239282153539,0.99205137381208,0.9920278963984381,0.9920238568588469,8,1003,0.007976071784646061,0.999836979427599
069__mode-letterbox__size-224__backbone-efficientnet_b0__clf-svmlinear_c0.1,ok,base,SVMLinear_C0.1,letterbox,224,efficientnet_b0,svm_linear,"{""C"": 0.1, ""probability"": true, ""class_weight"": null}",True,14.687106,/content/cat-dog-image-classifier/features/grid_search_exhaustive_132/mode-letterbox__size-224__norm-imagenet__backbone-efficientnet_b0__pretrained-true,069__mode-letterbox__size-224__backbone-efficientnet_b0__clf-svmlinear_c0.1,0.9920239282153539,0.99205137381208,0.9920278963984381,0.9920238568588469,8,1003,0.007976071784646061,0.9998846927658627
070__mode-letterbox__size-224__backbone-efficientnet_b0__clf-svmlinear_c1.0,ok,base,SVMLinear_C1.0,letterbox,224,efficientnet_b0,svm_linear,"{""C"": 1.0, ""probability"": true, ""class_weight"": null}",True,14.879481,/content/cat-dog-image-classifier/features/grid_search_exhaustive_132/mode-letterbox__size-224__norm-imagenet__backbone-efficientnet_b0__pretrained-true,070__mode-letterbox__size-224__backbone-efficientnet_b0__clf-svmlinear_c1.0,0.9920239282153539,0.99205137381208,0.9920278963984381,0.9920238568588469,8,1003,0.007976071784646061,0.9998846927658627
119__mode-augmented__size-224__backbone-resnet18__clf-votingsoft_default,ok,ensemble,VotingSoft_default,augmented,224,resnet18,voting_soft,"{""voting"": ""soft"", ""n_jobs"": -1, ""lr"": {""C"": 0.1, ""max_iter"": 3000, ""n_jobs"": -1}, ""svm"": {""C"": 0.1, ""probability"": true}, ""rf"": {""n_estimators"": 100, ""n_jobs"": -1}}",True,26.265398,/content/cat-dog-image-classifier/features/grid_search_exhaustive_132/mode-augmented__size-224__norm-imagenet__backbone-resnet18__pretrained-true,119__mode-augmented__size-224__backbone-resnet18__clf-votingsoft_default,0.9920239282153539,0.9920336705156345,0.9920219322311552,0.9920238568588469,8,1003,0.007976071784646061,0.9997296244165057
030__mode-stretch__size-224__backbone-vgg16__clf-rf_n200_depth20,ok,base,RF_n200_depth20,stretch,224,vgg16,random_forest,"{""n_estimators"": 200, ""max_depth"": 20, ""n_jobs"": -1, ""class_weight"": null}",True,35.041547,/content/cat-dog-image-classifier/features/grid_search_exhaustive_132/mode-stretch__size-224__norm-imagenet__backbone-vgg16__pretrained-true,030__mode-stretch__size-224__backbone-vgg16__clf-rf_n200_depth20,0.9920239282153539,0.9920336705156345,0.9920219322311552,0.9920238568588469,8,1003,0.007976071784646061,0.9996978155243298
072__mode-letterbox__size-224__backbone-efficientnet_b0__clf-rf_n100_depth20,ok,base,RF_n100_depth20,letterbox,224,efficientnet_b0,random_forest,"{""n_estimators"": 100, ""max_depth"": 20, ""n_jobs"": -1, ""class_weight"": null}",True,33.183034,/content/cat-dog-image-classifier/features/grid_search_exhaustive_132/mode-letterbox__size-224__norm-imagenet__backbone-efficientnet_b0__pretrained-true,072__mode-letterbox__size-224__backbone-efficientnet_b0__clf-rf_n100_depth20,0.9920239282153539,0.9921001352103714,0.9920179561196332,0.9920235397033679,8,1003,0.007976071784646061,0.999825051093033
041__mode-center_crop__size-224__backbone-efficientnet_b0__clf-rf_n200_depth20,ok,base,RF_n200_depth20,center_crop,224,efficientnet_b0,random_forest,"{""n_estimators"": 200, ""max_depth"": 20, ""n_jobs"": -1, ""class_weight"": null}",True,65.851035,/content/cat-dog-image-classifier/features/grid_search_exhaustive_132/mode-center_crop__size-224__norm-imagenet__backbone-efficientnet_b0__pretrained-true,041__mode-center_crop__size-224__backbone-efficientnet_b0__clf-rf_n200_depth20,0.9920239282153539,0.9921001352103714,0.9920179561196332,0.9920235397033679,8,1003,0.007976071784646061,0.9998051705354232
040__mode-center_crop__size-224__backbone-efficientnet_b0__clf-rf_n200_depthnone,ok,base,RF_n200_depthNone,center_crop,224,efficientnet_b0,random_forest,"{""n_estimators"": 200, ""max_depth"": null, ""n_jobs"": -1, ""class_weight"": null}",True,66.208094,/content/cat-dog-image-classifier/features/grid_search_exhaustive_132/mode-center_crop__size-224__norm-imagenet__backbone-efficientnet_b0__pretrained-true,040__mode-center_crop__size-224__backbone-efficientnet_b0__clf-rf_n200_depthnone,0.9920239282153539,0.9921001352103714,0.9920179561196332,0.9920235397033679,8,1003,0.007976071784646061,0.9998051705354232
029__mode-stretch__size-224__backbone-vgg16__clf-rf_n200_depthnone,ok,base,RF_n200_depthNone,stretch,224,vgg16,random_forest,"{""n_estimators"": 200, ""max_depth"": null, ""n_jobs"": -1, ""class_weight"": null}",True,34.200219,/content/cat-dog-image-classifier/features/grid_search_exhaustive_132/mode-stretch__size-224__norm-imagenet__backbone-vgg16__pretrained-true,029__mode-stretch__size-224__backbone-vgg16__clf-rf_n200_depthnone,0.9910269192422732,0.9910298210735586,0.9910259162949002,0.991026883564197,9,1003,0.00897308075772682,0.9996978155243298
131__mode-augmented__size-224__backbone-vgg16__clf-stacking_default,ok,ensemble,Stacking_default,augmented,224,vgg16,stacking,"{""n_jobs"": -1, ""lr"": {""C"": 0.1, ""max_iter"": 3000, ""n_jobs"": -1}, ""svm"": {""C"": 0.1, ""probability"": true}, ""rf"": {""n_estimators"": 100, ""n_jobs"": -1}, ""final_max_iter"": 3000}",True,118.017327,/content/cat-dog-image-classifier/features/grid_search_exhaustive_132/mode-augmented__size-224__norm-imagenet__backbone-vgg16__pretrained-true,131__mode-augmented__size-224__backbone-vgg16__clf-stacking_default,0.9910269192422732,0.991041607023571,0.9910298924064223,0.991026883564197,9,1003,0.00897308075772682,0.9997455288625936
007__mode-stretch__size-224__backbone-efficientnet_b0__clf-rf_n200_depthnone,ok,base,RF_n200_depthNone,stretch,224,efficientnet_b0,random_forest,"{""n_estimators"": 200, ""max_depth"": null, ""n_jobs"": -1, ""class_weight"": null}",True,67.312572,/content/cat-dog-image-classifier/features/grid_search_exhaustive_132/mode-stretch__size-224__norm-imagenet__backbone-efficientnet_b0__pretrained-true,007__mode-stretch__size-224__backbone-efficientnet_b0__clf-rf_n200_depthnone,0.9910269192422732,0.9910473577478229,0.9910239282391393,0.9910267765282661,9,1003,0.00897308075772682,0.9995666038441046
073__mode-letterbox__size-224__backbone-efficientnet_b0__clf-rf_n200_depthnone,ok,base,RF_n200_depthNone,letterbox,224,efficientnet_b0,random_forest,"{""n_estimators"": 200, ""max_depth"": null, ""n_jobs"": -1, ""class_weight"": null}",True,67.434701,/content/cat-dog-image-classifier/features/grid_search_exhaustive_132/mode-letterbox__size-224__norm-imagenet__backbone-efficientnet_b0__pretrained-true,073__mode-letterbox__size-224__backbone-efficientnet_b0__clf-rf_n200_depthnone,0.9910269192422732,0.9910473577478229,0.9910239282391393,0.9910267765282661,9,1003,0.00897308075772682,0.9997614333086814
039__mode-center_crop__size-224__backbone-efficientnet_b0__clf-rf_n100_depth20,ok,base,RF_n100_depth20,center_crop,224,efficientnet_b0,random_forest,"{""n_estimators"": 100, ""max_depth"": 20, ""n_jobs"": -1, ""class_weight"": null}",True,31.433742,/content/cat-dog-image-classifier/features/grid_search_exhaustive_132/mode-center_crop__size-224__norm-imagenet__backbone-efficientnet_b0__pretrained-true,039__mode-center_crop__size-224__backbone-efficientnet_b0__clf-rf_n100_depth20,0.9910269192422732,0.9910805179105427,0.9910219401833782,0.9910265981293733,9,1003,0.00897308075772682,0.9997852899778132
127__mode-augmented__size-224__backbone-vgg16__clf-rf_n100_depth20,ok,base,RF_n100_depth20,augmented,224,vgg16,random_forest,"{""n_estimators"": 100, ""max_depth"": 20, ""n_jobs"": -1, ""class_weight"": null}",True,16.867892,/content/cat-dog-image-classifier/features/grid_search_exhaustive_132/mode-augmented__size-224__norm-imagenet__backbone-vgg16__pretrained-true,127__mode-augmented__size-224__backbone-vgg16__clf-rf_n100_depth20,0.9900299102691924,0.9900299003586452,0.9900299003586452,0.9900299003586452,10,1003,0.009970089730807577,0.9997296244165056
129__mode-augmented__size-224__backbone-vgg16__clf-rf_n200_depth20,ok,base,RF_n200_depth20,augmented,224,vgg16,random_forest,"{""n_estimators"": 200, ""max_depth"": 20, ""n_jobs"": -1, ""class_weight"": null}",True,35.311356,/content/cat-dog-image-classifier/features/grid_search_exhaustive_132/mode-augmented__size-224__norm-imagenet__backbone-vgg16__pretrained-true,129__mode-augmented__size-224__backbone-vgg16__clf-rf_n200_depth20,0.9900299102691924,0.9900357852882704,0.9900318884144063,0.9900299003586452,10,1003,0.009970089730807577,0.9997614333086814
110__mode-augmented__size-224__backbone-resnet18__clf-lr_c0.1,ok,base,LR_C0.1,augmented,224,resnet18,logistic_regression,"{""C"": 0.1, ""max_iter"": 3000, ""class_weight"": null, ""n_jobs"": -1}",False,61.91121,/content/cat-dog-image-classifier/features/grid_search_exhaustive_132/mode-augmented__size-224__norm-imagenet__backbone-resnet18__pretrained-true,110__mode-augmented__size-224__backbone-resnet18__clf-lr_c0.1,0.9900299102691924,0.9900299003586452,0.9900299003586452,0.9900299003586452,10,1003,0.009970089730807577,0.9996819110782419
021__mode-stretch__size-224__backbone-resnet18__clf-stacking_default,ok,ensemble,Stacking_default,stretch,224,resnet18,stacking,"{""n_jobs"": -1, ""lr"": {""C"": 0.1, ""max_iter"": 3000, ""n_jobs"": -1}, ""svm"": {""C"": 0.1, ""probability"": true}, ""rf"": {""n_estimators"": 100, ""n_jobs"": -1}, ""final_max_iter"": 3000}",True,123.993399,/content/cat-dog-image-classifier/features/grid_search_exhaustive_132/mode-stretch__size-224__norm-imagenet__backbone-resnet18__pretrained-true,021__mode-stretch__size-224__backbone-resnet18__clf-stacking_default,0.9900299102691924,0.9900299003586452,0.9900299003586452,0.9900299003586452,10,1003,0.009970089730807577,0.9994831055021431
006__mode-stretch__size-224__backbone-efficientnet_b0__clf-rf_n100_depth20,ok,base,RF_n100_depth20,stretch,224,efficientnet_b0,random_forest,"{""n_estimators"": 100, ""max_depth"": 20, ""n_jobs"": -1, ""class_weight"": null}",True,32.226218,/content/cat-dog-image-classifier/features/grid_search_exhaustive_132/mode-stretch__size-224__norm-imagenet__backbone-efficientnet_b0__pretrained-true,006__mode-stretch__size-224__backbone-efficientnet_b0__clf-rf_n100_depth20,0.9900299102691924,0.9900396030155549,0.9900279123028843,0.9900298210735586,10,1003,0.009970089730807577,0.9995268427288848
005__mode-stretch__size-224__backbone-efficientnet_b0__clf-rf_n100_depthnone,ok,base,RF_n100_depthNone,stretch,224,efficientnet_b0,random_forest,"{""n_estimators"": 100, ""max_depth"": null, ""n_jobs"": -1, ""class_weight"": null}",True,35.965705,/content/cat-dog-image-classifier/features/grid_search_exhaustive_132/mode-stretch__size-224__norm-imagenet__backbone-efficientnet_b0__pretrained-true,005__mode-stretch__size-224__backbone-efficientnet_b0__clf-rf_n100_depthnone,0.9900299102691924,0.9900396030155549,0.9900279123028843,0.9900298210735586,10,1003,0.009970089730807577,0.9995367830076898
008__mode-stretch__size-224__backbone-efficientnet_b0__clf-rf_n200_depth20,ok,base,RF_n200_depth20,stretch,224,efficientnet_b0,random_forest,"{""n_estimators"": 200, ""max_depth"": 20, ""n_jobs"": -1, ""class_weight"": null}",True,65.462671,/content/cat-dog-image-classifier/features/grid_search_exhaustive_132/mode-stretch__size-224__norm-imagenet__backbone-efficientnet_b0__pretrained-true,008__mode-stretch__size-224__backbone-efficientnet_b0__clf-rf_n200_depth20,0.9900299102691924,0.9900396030155549,0.9900279123028843,0.9900298210735586,10,1003,0.009970089730807577,0.9996103410708465
106__mode-augmented__size-224__backbone-efficientnet_b0__clf-rf_n200_depthnone,ok,base,RF_n200_depthNone,augmented,224,efficientnet_b0,random_forest,"{""n_estimators"": 200, ""max_depth"": null, ""n_jobs"": -1, ""class_weight"": null}",True,65.326826,/content/cat-dog-image-classifier/features/grid_search_exhaustive_132/mode-augmented__size-224__norm-imagenet__backbone-efficientnet_b0__pretrained-true,106__mode-augmented__size-224__backbone-efficientnet_b0__clf-rf_n200_depthnone,0.9900299102691924,0.9900648953006577,0.9900259242471232,0.9900296624996023,10,1003,0.009970089730807577,0.9995705799556266
107__mode-augmented__size-224__backbone-efficientnet_b0__clf-rf_n200_depth20,ok,base,RF_n200_depth20,augmented,224,efficientnet_b0,random_forest,"{""n_estimators"": 200, ""max_depth"": 20, ""n_jobs"": -1, ""class_weight"": null}",True,65.569559,/content/cat-dog-image-classifier/features/grid_search_exhaustive_132/mode-augmented__size-224__norm-imagenet__backbone-efficientnet_b0__pretrained-true,107__mode-augmented__size-224__backbone-efficientnet_b0__clf-rf_n200_depth20,0.9900299102691924,0.9900648953006577,0.9900259242471232,0.9900296624996023,10,1003,0.009970089730807577,0.9995864844017146
128__mode-augmented__size-224__backbone-vgg16__clf-rf_n200_depthnone,ok,base,RF_n200_depthNone,augmented,224,vgg16,random_forest,"{""n_estimators"": 200, ""max_depth"": null, ""n_jobs"": -1, ""class_weight"": null}",True,35.612305,/content/cat-dog-image-classifier/features/grid_search_exhaustive_132/mode-augmented__size-224__norm-imagenet__backbone-vgg16__pretrained-true,128__mode-augmented__size-224__backbone-vgg16__clf-rf_n200_depthnone,0.9890329012961117,0.9890338844223903,0.9890338844223903,0.9890329012961117,11,1003,0.010967098703888335,0.9997475169183545
113__mode-augmented__size-224__backbone-resnet18__clf-svmlinear_c0.1,ok,base,SVMLinear_C0.1,augmented,224,resnet18,svm_linear,"{""C"": 0.1, ""probability"": true, ""class_weight"": null}",True,5.527525,/content/cat-dog-image-classifier/features/grid_search_exhaustive_132/mode-augmented__size-224__norm-imagenet__backbone-resnet18__pretrained-true,113__mode-augmented__size-224__backbone-resnet18__clf-svmlinear_c0.1,0.9890329012961117,0.9890475395234914,0.9890358724781513,0.9890328576895742,11,1003,0.010967098703888335,0.9993717743795277
020__mode-stretch__size-224__backbone-resnet18__clf-votingsoft_default,ok,ensemble,VotingSoft_default,stretch,224,resnet18,voting_soft,"{""voting"": ""soft"", ""n_jobs"": -1, ""lr"": {""C"": 0.1, ""max_iter"": 3000, ""n_jobs"": -1}, ""svm"": {""C"": 0.1, ""probability"": true}, ""rf"": {""n_estimators"": 100, ""n_jobs"": -1}}",True,26.04283,/content/cat-dog-image-classifier/features/grid_search_exhaustive_132/mode-stretch__size-224__norm-imagenet__backbone-resnet18__pretrained-true,020__mode-stretch__size-224__backbone-resnet18__clf-votingsoft_default,0.9890329012961117,0.9890357852882703,0.9890318963666294,0.9890328576895742,11,1003,0.010967098703888335,0.9993479177103959
011__mode-stretch__size-224__backbone-resnet18__clf-lr_c0.1,ok,base,LR_C0.1,stretch,224,resnet18,logistic_regression,"{""C"": 0.1, ""max_iter"": 3000, ""class_weight"": null, ""n_jobs"": -1}",False,49.753333,/content/cat-dog-image-classifier/features/grid_search_exhaustive_132/mode-stretch__size-224__norm-imagenet__backbone-resnet18__pretrained-true,011__mode-stretch__size-224__backbone-resnet18__clf-lr_c0.1,0.9890329012961117,0.9890357852882703,0.9890318963666294,0.9890328576895742,11,1003,0.010967098703888335,0.99933598937583
032__mode-stretch__size-224__backbone-vgg16__clf-stacking_default,ok,ensemble,Stacking_default,stretch,224,vgg16,stacking,"{""n_jobs"": -1, ""lr"": {""C"": 0.1, ""max_iter"": 3000, ""n_jobs"": -1}, ""svm"": {""C"": 0.1, ""probability"": true}, ""rf"": {""n_estimators"": 100, ""n_jobs"": -1}, ""final_max_iter"": 3000}",True,114.494436,/content/cat-dog-image-classifier/features/grid_search_exhaustive_132/mode-stretch__size-224__norm-imagenet__backbone-vgg16__pretrained-true,032__mode-stretch__size-224__backbone-vgg16__clf-stacking_default,0.9890329012961117,0.9890475395234914,0.9890358724781513,0.9890328576895742,11,1003,0.010967098703888335,0.9996262455169342
087__mode-letterbox__size-224__backbone-resnet18__clf-stacking_default,ok,ensemble,Stacking_default,letterbox,224,resnet18,stacking,"{""n_jobs"": -1, ""lr"": {""C"": 0.1, ""max_iter"": 3000, ""n_jobs"": -1}, ""svm"": {""C"": 0.1, ""probability"": true}, ""rf"": {""n_estimators"": 100, ""n_jobs"": -1}, ""final_max_iter"": 3000}",True,136.713233,/content/cat-dog-image-classifier/features/grid_search_exhaustive_132/mode-letterbox__size-224__norm-imagenet__backbone-resnet18__pretrained-true,087__mode-letterbox__size-224__backbone-resnet18__clf-stacking_default,0.9890329012961117,0.9890532426736649,0.9890299083108682,0.9890327268678808,11,1003,0.010967098703888335,0.9994234638293136
074__mode-letterbox__size-224__backbone-efficientnet_b0__clf-rf_n200_depth20,ok,base,RF_n200_depth20,letterbox,224,efficientnet_b0,random_forest,"{""n_estimators"": 200, ""max_depth"": 20, ""n_jobs"": -1, ""class_weight"": null}",True,66.289806,/content/cat-dog-image-classifier/features/grid_search_exhaustive_132/mode-letterbox__size-224__norm-imagenet__backbone-efficientnet_b0__pretrained-true,074__mode-letterbox__size-224__backbone-efficientnet_b0__clf-rf_n200_depth20,0.9890329012961117,0.9890862601005281,0.9890279202551073,0.9890325088247895,11,1003,0.010967098703888335,0.9997693855317255
111__mode-augmented__size-224__backbone-resnet18__clf-lr_c1.0,ok,base,LR_C1.0,augmented,224,resnet18,logistic_regression,"{""C"": 1.0, ""max_iter"": 3000, ""class_weight"": null, ""n_jobs"": -1}",True,0.743326,/content/cat-dog-image-classifier/features/grid_search_exhaustive_132/mode-augmented__size-224__norm-imagenet__backbone-resnet18__pretrained-true,111__mode-augmented__size-224__backbone-resnet18__clf-lr_c1.0,0.9880358923230309,0.9880417495029821,0.9880378684861353,0.9880358804303744,12,1003,0.011964107676969093,0.9993996071601816
028__mode-stretch__size-224__backbone-vgg16__clf-rf_n100_depth20,ok,base,RF_n100_depth20,stretch,224,vgg16,random_forest,"{""n_estimators"": 100, ""max_depth"": 20, ""n_jobs"": -1, ""class_weight"": null}",True,17.986388,/content/cat-dog-image-classifier/features/grid_search_exhaustive_132/mode-stretch__size-224__norm-imagenet__backbone-vgg16__pretrained-true,028__mode-stretch__size-224__backbone-vgg16__clf-rf_n100_depth20,0.9880358923230309,0.9880455355154754,0.9880338923746133,0.9880357852882704,12,1003,0.011964107676969093,0.9995506993980168
104__mode-augmented__size-224__backbone-efficientnet_b0__clf-rf_n100_depthnone,ok,base,RF_n100_depthNone,augmented,224,efficientnet_b0,random_forest,"{""n_estimators"": 100, ""max_depth"": null, ""n_jobs"": -1, ""class_weight"": null}",True,32.650363,/content/cat-dog-image-classifier/features/grid_search_exhaustive_132/mode-augmented__size-224__norm-imagenet__backbone-efficientnet_b0__pretrained-true,104__mode-augmented__size-224__backbone-efficientnet_b0__clf-rf_n100_depthnone,0.9880358923230309,0.9880455355154754,0.9880338923746133,0.9880357852882704,12,1003,0.011964107676969093,0.9995785321786705
130__mode-augmented__size-224__backbone-vgg16__clf-votingsoft_default,ok,ensemble,VotingSoft_default,augmented,224,vgg16,voting_soft,"{""voting"": ""soft"", ""n_jobs"": -1, ""lr"": {""C"": 0.1, ""max_iter"": 3000, ""n_jobs"": -1}, ""svm"": {""C"": 0.1, ""probability"": true}, ""rf"": {""n_estimators"": 100, ""n_jobs"": -1}}",True,22.706149,/content/cat-dog-image-classifier/features/grid_search_exhaustive_132/mode-augmented__size-224__norm-imagenet__backbone-vgg16__pretrained-true,130__mode-augmented__size-224__backbone-vgg16__clf-votingsoft_default,0.9880358923230309,0.9881000668066424,0.9880418445976573,0.9880355949995229,12,1003,0.011964107676969093,0.9995427471749727
044__mode-center_crop__size-224__backbone-resnet18__clf-lr_c0.1,ok,base,LR_C0.1,center_crop,224,resnet18,logistic_regression,"{""C"": 0.1, ""max_iter"": 3000, ""class_weight"": null, ""n_jobs"": -1}",False,52.746257,/content/cat-dog-image-classifier/features/grid_search_exhaustive_132/mode-center_crop__size-224__norm-imagenet__backbone-resnet18__pretrained-true,044__mode-center_crop__size-224__backbone-resnet18__clf-lr_c0.1,0.9870388833499502,0.9870398644941194,0.9870398644941194,0.9870388833499502,13,1003,0.01296111665004985,0.9981948453690229
027__mode-stretch__size-224__backbone-vgg16__clf-rf_n100_depthnone,ok,base,RF_n100_depthNone,stretch,224,vgg16,random_forest,"{""n_estimators"": 100, ""max_depth"": null, ""n_jobs"": -1, ""class_weight"": null}",True,17.360123,/content/cat-dog-image-classifier/features/grid_search_exhaustive_132/mode-stretch__size-224__norm-imagenet__backbone-vgg16__pretrained-true,027__mode-stretch__size-224__backbone-vgg16__clf-rf_n100_depthnone,0.9870388833499502,0.9870417495029822,0.9870378764383583,0.9870388318149512,13,1003,0.01296111665004985,0.9995308188404068
105__mode-augmented__size-224__backbone-efficientnet_b0__clf-rf_n100_depth20,ok,base,RF_n100_depth20,augmented,224,efficientnet_b0,random_forest,"{""n_estimators"": 100, ""max_depth"": 20, ""n_jobs"": -1, ""class_weight"": null}",True,32.336598,/content/cat-dog-image-classifier/features/grid_search_exhaustive_132/mode-augmented__size-224__norm-imagenet__backbone-efficientnet_b0__pretrained-true,105__mode-augmented__size-224__backbone-efficientnet_b0__clf-rf_n100_depth20,0.9870388833499502,0.9870417495029822,0.9870378764383583,0.9870388318149512,13,1003,0.01296111665004985,0.9995506993980167
054__mode-center_crop__size-224__backbone-resnet18__clf-stacking_default,ok,ensemble,Stacking_default,center_crop,224,resnet18,stacking,"{""n_jobs"": -1, ""lr"": {""C"": 0.1, ""max_iter"": 3000, ""n_jobs"": -1}, ""svm"": {""C"": 0.1, ""probability"": true}, ""rf"": {""n_estimators"": 100, ""n_jobs"": -1}, ""final_max_iter"": 3000}",True,123.953473,/content/cat-dog-image-classifier/features/grid_search_exhaustive_132/mode-center_crop__size-224__norm-imagenet__backbone-resnet18__pretrained-true,054__mode-center_crop__size-224__backbone-resnet18__clf-stacking_default,0.9870388833499502,0.9870591275995069,0.9870358883825974,0.9870386772074955,13,1003,0.01296111665004985,0.9989582587812423
123__mode-augmented__size-224__backbone-vgg16__clf-lr_c10.0,ok,base,LR_C10.0,augmented,224,vgg16,logistic_regression,"{""C"": 10.0, ""max_iter"": 3000, ""class_weight"": null, ""n_jobs"": -1}",True,0.339286,/content/cat-dog-image-classifier/features/grid_search_exhaustive_132/mode-augmented__size-224__norm-imagenet__backbone-vgg16__pretrained-true,123__mode-augmented__size-224__backbone-vgg16__clf-lr_c10.0,0.9870388833499502,0.9871271772846576,0.9870458286614023,0.9870384195202058,13,1003,0.01296111665004985,0.9990974226845114
053__mode-center_crop__size-224__backbone-resnet18__clf-votingsoft_default,ok,ensemble,VotingSoft_default,center_crop,224,resnet18,voting_soft,"{""voting"": ""soft"", ""n_jobs"": -1, ""lr"": {""C"": 0.1, ""max_iter"": 3000, ""n_jobs"": -1}, ""svm"": {""C"": 0.1, ""probability"": true}, ""rf"": {""n_estimators"": 100, ""n_jobs"": -1}}",True,26.125013,/content/cat-dog-image-classifier/features/grid_search_exhaustive_132/mode-center_crop__size-224__norm-imagenet__backbone-resnet18__pretrained-true,053__mode-center_crop__size-224__backbone-resnet18__clf-votingsoft_default,0.9860418743768694,0.9860477137176938,0.9860438485578644,0.9860418605021033,14,1003,0.013958125623130608,0.9988469276586269
063__mode-center_crop__size-224__backbone-vgg16__clf-rf_n200_depth20,ok,base,RF_n200_depth20,center_crop,224,vgg16,random_forest,"{""n_estimators"": 200, ""max_depth"": 20, ""n_jobs"": -1, ""class_weight"": null}",True,34.414338,/content/cat-dog-image-classifier/features/grid_search_exhaustive_132/mode-center_crop__size-224__norm-imagenet__backbone-vgg16__pretrained-true,063__mode-center_crop__size-224__backbone-vgg16__clf-rf_n200_depth20,0.9860418743768694,0.9860514680153958,0.9860398724463424,0.9860417495029821,14,1003,0.013958125623130608,0.9992167060301708
086__mode-letterbox__size-224__backbone-resnet18__clf-votingsoft_default,ok,ensemble,VotingSoft_default,letterbox,224,resnet18,voting_soft,"{""voting"": ""soft"", ""n_jobs"": -1, ""lr"": {""C"": 0.1, ""max_iter"": 3000, ""n_jobs"": -1}, ""svm"": {""C"": 0.1, ""probability"": true}, ""rf"": {""n_estimators"": 100, ""n_jobs"": -1}}",True,29.040848,/content/cat-dog-image-classifier/features/grid_search_exhaustive_132/mode-letterbox__size-224__norm-imagenet__backbone-resnet18__pretrained-true,086__mode-letterbox__size-224__backbone-resnet18__clf-votingsoft_default,0.9860418743768694,0.9860765382810699,0.9860378843905814,0.9860415274994434,14,1003,0.013958125623130608,0.9993081565951762
121__mode-augmented__size-224__backbone-vgg16__clf-lr_c0.1,ok,base,LR_C0.1,augmented,224,vgg16,logistic_regression,"{""C"": 0.1, ""max_iter"": 3000, ""class_weight"": null, ""n_jobs"": -1}",False,81.873921,/content/cat-dog-image-classifier/features/grid_search_exhaustive_132/mode-augmented__size-224__norm-imagenet__backbone-vgg16__pretrained-true,121__mode-augmented__size-224__backbone-vgg16__clf-lr_c0.1,0.9860418743768694,0.9861058089966279,0.9860478246693863,0.9860415274994434,14,1003,0.013958125623130608,0.9992683954799564
122__mode-augmented__size-224__backbone-vgg16__clf-lr_c1.0,ok,base,LR_C1.0,augmented,224,vgg16,logistic_regression,"{""C"": 1.0, ""max_iter"": 3000, ""class_weight"": null, ""n_jobs"": -1}",True,0.427536,/content/cat-dog-image-classifier/features/grid_search_exhaustive_132/mode-augmented__size-224__norm-imagenet__backbone-vgg16__pretrained-true,122__mode-augmented__size-224__backbone-vgg16__clf-lr_c1.0,0.9860418743768694,0.9861580617707182,0.9860498127251474,0.9860411944808939,14,1003,0.013958125623130608,0.9990934465729895
098__mode-letterbox__size-224__backbone-vgg16__clf-stacking_default,ok,ensemble,Stacking_default,letterbox,224,vgg16,stacking,"{""n_jobs"": -1, ""lr"": {""C"": 0.1, ""max_iter"": 3000, ""n_jobs"": -1}, ""svm"": {""C"": 0.1, ""probability"": true}, ""rf"": {""n_estimators"": 100, ""n_jobs"": -1}, ""final_max_iter"": 3000}",True,113.824691,/content/cat-dog-image-classifier/features/grid_search_exhaustive_132/mode-letterbox__size-224__norm-imagenet__backbone-vgg16__pretrained-true,098__mode-letterbox__size-224__backbone-vgg16__clf-stacking_default,0.9860418743768694,0.9861580617707182,0.9860498127251474,0.9860411944808939,14,1003,0.013958125623130608,0.9995546755095387
112__mode-augmented__size-224__backbone-resnet18__clf-lr_c10.0,ok,base,LR_C10.0,augmented,224,resnet18,logistic_regression,"{""C"": 10.0, ""max_iter"": 3000, ""class_weight"": null, ""n_jobs"": -1}",True,0.707393,/content/cat-dog-image-classifier/features/grid_search_exhaustive_132/mode-augmented__size-224__norm-imagenet__backbone-resnet18__pretrained-true,112__mode-augmented__size-224__backbone-resnet18__clf-lr_c10.0,0.9850448654037887,0.9850594045233323,0.9850478326216094,0.9850448059403283,15,1003,0.014955134596211365,0.9989821154503741
095__mode-letterbox__size-224__backbone-vgg16__clf-rf_n200_depthnone,ok,base,RF_n200_depthNone,letterbox,224,vgg16,random_forest,"{""n_estimators"": 200, ""max_depth"": null, ""n_jobs"": -1, ""class_weight"": null}",True,33.705109,/content/cat-dog-image-classifier/features/grid_search_exhaustive_132/mode-letterbox__size-224__norm-imagenet__backbone-vgg16__pretrained-true,095__mode-letterbox__size-224__backbone-vgg16__clf-rf_n200_depthnone,0.9850448654037887,0.9850477137176938,0.9850438565100874,0.9850448059403283,15,1003,0.014955134596211365,0.9994254518850745
114__mode-augmented__size-224__backbone-resnet18__clf-svmlinear_c1.0,ok,base,SVMLinear_C1.0,augmented,224,resnet18,svm_linear,"{""C"": 1.0, ""probability"": true, ""class_weight"": null}",True,5.078027,/content/cat-dog-image-classifier/features/grid_search_exhaustive_132/mode-augmented__size-224__norm-imagenet__backbone-resnet18__pretrained-true,114__mode-augmented__size-224__backbone-resnet18__clf-svmlinear_c1.0,0.9850448654037887,0.9850883959885797,0.9850498206773703,0.9850446275471102,15,1003,0.014955134596211365,0.9991968254725608
077__mode-letterbox__size-224__backbone-resnet18__clf-lr_c0.1,ok,base,LR_C0.1,letterbox,224,resnet18,logistic_regression,"{""C"": 0.1, ""max_iter"": 3000, ""class_weight"": null, ""n_jobs"": -1}",False,64.066731,/content/cat-dog-image-classifier/features/grid_search_exhaustive_132/mode-letterbox__size-224__norm-imagenet__backbone-resnet18__pretrained-true,077__mode-letterbox__size-224__backbone-resnet18__clf-lr_c0.1,0.9850448654037887,0.9850650125253488,0.9850418684543264,0.9850446275471102,15,1003,0.014955134596211365,0.99901392434255
065__mode-center_crop__size-224__backbone-vgg16__clf-stacking_default,ok,ensemble,Stacking_default,center_crop,224,vgg16,stacking,"{""n_jobs"": -1, ""lr"": {""C"": 0.1, ""max_iter"": 3000, ""n_jobs"": -1}, ""svm"": {""C"": 0.1, ""probability"": true}, ""rf"": {""n_estimators"": 100, ""n_jobs"": -1}, ""final_max_iter"": 3000}",True,114.034408,/content/cat-dog-image-classifier/features/grid_search_exhaustive_132/mode-center_crop__size-224__norm-imagenet__backbone-vgg16__pretrained-true,065__mode-center_crop__size-224__backbone-vgg16__clf-stacking_default,0.9840478564307079,0.9840536779324056,0.9840498286295933,0.9840478405738324,16,1003,0.015952143569292122,0.9990974226845114
080__mode-letterbox__size-224__backbone-resnet18__clf-svmlinear_c0.1,ok,base,SVMLinear_C0.1,letterbox,224,resnet18,svm_linear,"{""C"": 0.1, ""probability"": true, ""class_weight"": null}",True,6.503172,/content/cat-dog-image-classifier/features/grid_search_exhaustive_132/mode-letterbox__size-224__norm-imagenet__backbone-resnet18__pretrained-true,080__mode-letterbox__size-224__backbone-resnet18__clf-svmlinear_c0.1,0.9840478564307079,0.9840574005153163,0.9840458525180714,0.9840477137176938,16,1003,0.015952143569292122,0.9982902720455504
061__mode-center_crop__size-224__backbone-vgg16__clf-rf_n100_depth20,ok,base,RF_n100_depth20,center_crop,224,vgg16,random_forest,"{""n_estimators"": 100, ""max_depth"": 20, ""n_jobs"": -1, ""class_weight"": null}",True,17.891811,/content/cat-dog-image-classifier/features/grid_search_exhaustive_132/mode-center_crop__size-224__norm-imagenet__backbone-vgg16__pretrained-true,061__mode-center_crop__size-224__backbone-vgg16__clf-rf_n100_depth20,0.9840478564307079,0.9840574005153163,0.9840458525180714,0.9840477137176938,16,1003,0.015952143569292122,0.9989860915618961
125__mode-augmented__size-224__backbone-vgg16__clf-svmlinear_c1.0,ok,base,SVMLinear_C1.0,augmented,224,vgg16,svm_linear,"{""C"": 1.0, ""probability"": true, ""class_weight"": null}",True,6.567379,/content/cat-dog-image-classifier/features/grid_search_exhaustive_132/mode-augmented__size-224__norm-imagenet__backbone-vgg16__pretrained-true,125__mode-augmented__size-224__backbone-vgg16__clf-svmlinear_c1.0,0.9840478564307079,0.9841115511866132,0.9840538047411154,0.9840474599993638,16,1003,0.015952143569292122,0.998838975435583
097__mode-letterbox__size-224__backbone-vgg16__clf-votingsoft_default,ok,ensemble,VotingSoft_default,letterbox,224,vgg16,voting_soft,"{""voting"": ""soft"", ""n_jobs"": -1, ""lr"": {""C"": 0.1, ""max_iter"": 3000, ""n_jobs"": -1}, ""svm"": {""C"": 0.1, ""probability"": true}, ""rf"": {""n_estimators"": 100, ""n_jobs"": -1}}",True,24.061244,/content/cat-dog-image-classifier/features/grid_search_exhaustive_132/mode-letterbox__size-224__norm-imagenet__backbone-vgg16__pretrained-true,097__mode-letterbox__size-224__backbone-vgg16__clf-votingsoft_default,0.9840478564307079,0.9842310629564222,0.9840577808526374,0.9840465719216485,16,1003,0.015952143569292122,0.9993558699334399
012__mode-stretch__size-224__backbone-resnet18__clf-lr_c1.0,ok,base,LR_C1.0,stretch,224,resnet18,logistic_regression,"{""C"": 1.0, ""max_iter"": 3000, ""class_weight"": null, ""n_jobs"": -1}",True,0.477562,/content/cat-dog-image-classifier/features/grid_search_exhaustive_132/mode-stretch__size-224__norm-imagenet__backbone-resnet18__pretrained-true,012__mode-stretch__size-224__backbone-resnet18__clf-lr_c1.0,0.9830508474576272,0.9830536779324055,0.9830498365818164,0.9830507800657055,17,1003,0.01694915254237288,0.9983976270566437
096__mode-letterbox__size-224__backbone-vgg16__clf-rf_n200_depth20,ok,base,RF_n200_depth20,letterbox,224,vgg16,random_forest,"{""n_estimators"": 200, ""max_depth"": 20, ""n_jobs"": -1, ""class_weight"": null}",True,33.784259,/content/cat-dog-image-classifier/features/grid_search_exhaustive_132/mode-letterbox__size-224__norm-imagenet__backbone-vgg16__pretrained-true,096__mode-letterbox__size-224__backbone-vgg16__clf-rf_n200_depth20,0.9830508474576272,0.9830536779324055,0.9830498365818164,0.9830507800657055,17,1003,0.01694915254237288,0.9993797266025717
062__mode-center_crop__size-224__backbone-vgg16__clf-rf_n200_depthnone,ok,base,RF_n200_depthNone,center_crop,224,vgg16,random_forest,"{""n_estimators"": 200, ""max_depth"": null, ""n_jobs"": -1, ""class_weight"": null}",True,34.001353,/content/cat-dog-image-classifier/features/grid_search_exhaustive_132/mode-center_crop__size-224__norm-imagenet__backbone-vgg16__pretrained-true,062__mode-center_crop__size-224__backbone-vgg16__clf-rf_n200_depthnone,0.9830508474576272,0.9830536779324055,0.9830498365818164,0.9830507800657055,17,1003,0.01694915254237288,0.9992286343647366
078__mode-letterbox__size-224__backbone-resnet18__clf-lr_c1.0,ok,base,LR_C1.0,letterbox,224,resnet18,logistic_regression,"{""C"": 1.0, ""max_iter"": 3000, ""class_weight"": null, ""n_jobs"": -1}",True,0.499453,/content/cat-dog-image-classifier/features/grid_search_exhaustive_132/mode-letterbox__size-224__norm-imagenet__backbone-resnet18__pretrained-true,078__mode-letterbox__size-224__backbone-resnet18__clf-lr_c1.0,0.9830508474576272,0.9830708974511909,0.9830478485260554,0.9830505778867249,17,1003,0.01694915254237288,0.9984970298446931
124__mode-augmented__size-224__backbone-vgg16__clf-svmlinear_c0.1,ok,base,SVMLinear_C0.1,augmented,224,vgg16,svm_linear,"{""C"": 0.1, ""probability"": true, ""class_weight"": null}",True,5.379264,/content/cat-dog-image-classifier/features/grid_search_exhaustive_132/mode-augmented__size-224__norm-imagenet__backbone-vgg16__pretrained-true,124__mode-augmented__size-224__backbone-vgg16__clf-svmlinear_c0.1,0.9830508474576272,0.9830942174787858,0.9830558007490995,0.9830505778867249,17,1003,0.01694915254237288,0.9988230709894952
031__mode-stretch__size-224__backbone-vgg16__clf-votingsoft_default,ok,ensemble,VotingSoft_default,stretch,224,vgg16,voting_soft,"{""voting"": ""soft"", ""n_jobs"": -1, ""lr"": {""C"": 0.1, ""max_iter"": 3000, ""n_jobs"": -1}, ""svm"": {""C"": 0.1, ""probability"": true}, ""rf"": {""n_estimators"": 100, ""n_jobs"": -1}}",True,24.007963,/content/cat-dog-image-classifier/features/grid_search_exhaustive_132/mode-stretch__size-224__norm-imagenet__backbone-vgg16__pretrained-true,031__mode-stretch__size-224__backbone-vgg16__clf-votingsoft_default,0.9830508474576272,0.9831981068289384,0.9830597768606214,0.9830497691225664,17,1003,0.01694915254237288,0.9992604432569124
022__mode-stretch__size-224__backbone-vgg16__clf-lr_c0.1,ok,base,LR_C0.1,stretch,224,vgg16,logistic_regression,"{""C"": 0.1, ""max_iter"": 3000, ""class_weight"": null, ""n_jobs"": -1}",False,110.726625,/content/cat-dog-image-classifier/features/grid_search_exhaustive_132/mode-stretch__size-224__norm-imagenet__backbone-vgg16__pretrained-true,022__mode-stretch__size-224__backbone-vgg16__clf-lr_c0.1,0.9830508474576272,0.9831981068289384,0.9830597768606214,0.9830497691225664,17,1003,0.01694915254237288,0.9988866887738468
014__mode-stretch__size-224__backbone-resnet18__clf-svmlinear_c0.1,ok,base,SVMLinear_C0.1,stretch,224,resnet18,svm_linear,"{""C"": 0.1, ""probability"": true, ""class_weight"": null}",True,4.989677,/content/cat-dog-image-classifier/features/grid_search_exhaustive_132/mode-stretch__size-224__norm-imagenet__backbone-resnet18__pretrained-true,014__mode-stretch__size-224__backbone-resnet18__clf-svmlinear_c0.1,0.9820538384845464,0.9820538206455615,0.9820538206455615,0.9820538206455615,18,1003,0.01794616151545364,0.9980914664694516
094__mode-letterbox__size-224__backbone-vgg16__clf-rf_n100_depth20,ok,base,RF_n100_depth20,letterbox,224,vgg16,random_forest,"{""n_estimators"": 100, ""max_depth"": 20, ""n_jobs"": -1, ""class_weight"": null}",True,16.473162,/content/cat-dog-image-classifier/features/grid_search_exhaustive_132/mode-letterbox__size-224__norm-imagenet__backbone-vgg16__pretrained-true,094__mode-letterbox__size-224__backbone-vgg16__clf-rf_n100_depth20,0.9820538384845464,0.9820538206455615,0.9820538206455615,0.9820538206455615,18,1003,0.01794616151545364,0.9993200849297421
060__mode-center_crop__size-224__backbone-vgg16__clf-rf_n100_depthnone,ok,base,RF_n100_depthNone,center_crop,224,vgg16,random_forest,"{""n_estimators"": 100, ""max_depth"": null, ""n_jobs"": -1, ""class_weight"": null}",True,16.658652,/content/cat-dog-image-classifier/features/grid_search_exhaustive_132/mode-center_crop__size-224__norm-imagenet__backbone-vgg16__pretrained-true,060__mode-center_crop__size-224__backbone-vgg16__clf-rf_n100_depthnone,0.9820538384845464,0.9820538206455615,0.9820538206455615,0.9820538206455615,18,1003,0.01794616151545364,0.9989880796176571
046__mode-center_crop__size-224__backbone-resnet18__clf-lr_c10.0,ok,base,LR_C10.0,center_crop,224,resnet18,logistic_regression,"{""C"": 10.0, ""max_iter"": 3000, ""class_weight"": null, ""n_jobs"": -1}",True,0.35422,/content/cat-dog-image-classifier/features/grid_search_exhaustive_132/mode-center_crop__size-224__norm-imagenet__backbone-resnet18__pretrained-true,046__mode-center_crop__size-224__backbone-resnet18__clf-lr_c10.0,0.9820538384845464,0.9820807984412899,0.9820577967570834,0.9820536779324056,18,1003,0.01794616151545364,0.9973717902839739
045__mode-center_crop__size-224__backbone-resnet18__clf-lr_c1.0,ok,base,LR_C1.0,center_crop,224,resnet18,logistic_regression,"{""C"": 1.0, ""max_iter"": 3000, ""class_weight"": null, ""n_jobs"": -1}",True,0.435168,/content/cat-dog-image-classifier/features/grid_search_exhaustive_132/mode-center_crop__size-224__norm-imagenet__backbone-resnet18__pretrained-true,045__mode-center_crop__size-224__backbone-resnet18__clf-lr_c1.0,0.9820538384845464,0.9820807984412899,0.9820577967570834,0.9820536779324056,18,1003,0.01794616151545364,0.9977137358748638
079__mode-letterbox__size-224__backbone-resnet18__clf-lr_c10.0,ok,base,LR_C10.0,letterbox,224,resnet18,logistic_regression,"{""C"": 10.0, ""max_iter"": 3000, ""class_weight"": null, ""n_jobs"": -1}",True,0.796427,/content/cat-dog-image-classifier/features/grid_search_exhaustive_132/mode-letterbox__size-224__norm-imagenet__backbone-resnet18__pretrained-true,079__mode-letterbox__size-224__backbone-resnet18__clf-lr_c10.0,0.9820538384845464,0.9821283703173467,0.9820478564782785,0.9820529643325778,18,1003,0.01794616151545364,0.9981988214805448
083__mode-letterbox__size-224__backbone-resnet18__clf-rf_n100_depth20,ok,base,RF_n100_depth20,letterbox,224,resnet18,random_forest,"{""n_estimators"": 100, ""max_depth"": 20, ""n_jobs"": -1, ""class_weight"": null}",True,20.490737,/content/cat-dog-image-classifier/features/grid_search_exhaustive_132/mode-letterbox__size-224__norm-imagenet__backbone-resnet18__pretrained-true,083__mode-letterbox__size-224__backbone-resnet18__clf-rf_n100_depth20,0.9820538384845464,0.9822548052443991,0.9820438803667566,0.9820516797098683,18,1003,0.01794616151545364,0.9992087538071267
064__mode-center_crop__size-224__backbone-vgg16__clf-votingsoft_default,ok,ensemble,VotingSoft_default,center_crop,224,vgg16,voting_soft,"{""voting"": ""soft"", ""n_jobs"": -1, ""lr"": {""C"": 0.1, ""max_iter"": 3000, ""n_jobs"": -1}, ""svm"": {""C"": 0.1, ""probability"": true}, ""rf"": {""n_estimators"": 100, ""n_jobs"": -1}}",True,25.337656,/content/cat-dog-image-classifier/features/grid_search_exhaustive_132/mode-center_crop__size-224__norm-imagenet__backbone-vgg16__pretrained-true,064__mode-center_crop__size-224__backbone-vgg16__clf-votingsoft_default,0.9810568295114656,0.9810712695231734,0.9810597927650675,0.9810567541910825,19,1003,0.018943170488534396,0.9987196920899237
055__mode-center_crop__size-224__backbone-vgg16__clf-lr_c0.1,ok,base,LR_C0.1,center_crop,224,vgg16,logistic_regression,"{""C"": 0.1, ""max_iter"": 3000, ""class_weight"": null, ""n_jobs"": -1}",False,72.976987,/content/cat-dog-image-classifier/features/grid_search_exhaustive_132/mode-center_crop__size-224__norm-imagenet__backbone-vgg16__pretrained-true,055__mode-center_crop__size-224__backbone-vgg16__clf-lr_c0.1,0.9810568295114656,0.9810712695231734,0.9810597927650675,0.9810567541910825,19,1003,0.018943170488534396,0.9981391798077153
093__mode-letterbox__size-224__backbone-vgg16__clf-rf_n100_depthnone,ok,base,RF_n100_depthNone,letterbox,224,vgg16,random_forest,"{""n_estimators"": 100, ""max_depth"": null, ""n_jobs"": -1, ""class_weight"": null}",True,18.288869,/content/cat-dog-image-classifier/features/grid_search_exhaustive_132/mode-letterbox__size-224__norm-imagenet__backbone-vgg16__pretrained-true,093__mode-letterbox__size-224__backbone-vgg16__clf-rf_n100_depthnone,0.9810568295114656,0.9810767823770329,0.9810538285977846,0.9810565282263395,19,1003,0.018943170488534396,0.9993936429928987
023__mode-stretch__size-224__backbone-vgg16__clf-lr_c1.0,ok,base,LR_C1.0,stretch,224,vgg16,logistic_regression,"{""C"": 1.0, ""max_iter"": 3000, ""class_weight"": null, ""n_jobs"": -1}",True,0.370198,/content/cat-dog-image-classifier/features/grid_search_exhaustive_132/mode-stretch__size-224__norm-imagenet__backbone-vgg16__pretrained-true,023__mode-stretch__size-224__backbone-vgg16__clf-lr_c1.0,0.9810568295114656,0.9811441183488427,0.9810637688765895,0.9810561516064547,19,1003,0.018943170488534396,0.9985288387368689
089__mode-letterbox__size-224__backbone-vgg16__clf-lr_c1.0,ok,base,LR_C1.0,letterbox,224,vgg16,logistic_regression,"{""C"": 1.0, ""max_iter"": 3000, ""class_weight"": null, ""n_jobs"": -1}",True,0.415003,/content/cat-dog-image-classifier/features/grid_search_exhaustive_132/mode-letterbox__size-224__norm-imagenet__backbone-vgg16__pretrained-true,089__mode-letterbox__size-224__backbone-vgg16__clf-lr_c1.0,0.9810568295114656,0.981368313002793,0.9810697330438725,0.9810541176002744,19,1003,0.018943170488534396,0.9987793337627533
088__mode-letterbox__size-224__backbone-vgg16__clf-lr_c0.1,ok,base,LR_C0.1,letterbox,224,vgg16,logistic_regression,"{""C"": 0.1, ""max_iter"": 3000, ""class_weight"": null, ""n_jobs"": -1}",False,85.857511,/content/cat-dog-image-classifier/features/grid_search_exhaustive_132/mode-letterbox__size-224__norm-imagenet__backbone-vgg16__pretrained-true,088__mode-letterbox__size-224__backbone-vgg16__clf-lr_c0.1,0.9800598205383848,0.9804213751392646,0.9800737171076175,0.9800564702139505,20,1003,0.019940179461615155,0.9991570643573411
051__mode-center_crop__size-224__backbone-resnet18__clf-rf_n200_depthnone,ok,base,RF_n200_depthNone,center_crop,224,resnet18,random_forest,"{""n_estimators"": 200, ""max_depth"": null, ""n_jobs"": -1, ""class_weight"": null}",True,38.729446,/content/cat-dog-image-classifier/features/grid_search_exhaustive_132/mode-center_crop__size-224__norm-imagenet__backbone-resnet18__pretrained-true,051__mode-center_crop__size-224__backbone-resnet18__clf-rf_n200_depthnone,0.9800598205383848,0.9804470496474221,0.9800458843269636,0.980055359798923,20,1003,0.019940179461615155,0.9984672090082782
082__mode-letterbox__size-224__backbone-resnet18__clf-rf_n100_depthnone,ok,base,RF_n100_depthNone,letterbox,224,resnet18,random_forest,"{""n_estimators"": 100, ""max_depth"": null, ""n_jobs"": -1, ""class_weight"": null}",True,20.177669,/content/cat-dog-image-classifier/features/grid_search_exhaustive_132/mode-letterbox__size-224__norm-imagenet__backbone-resnet18__pretrained-true,082__mode-letterbox__size-224__backbone-resnet18__clf-rf_n100_depthnone,0.9800598205383848,0.9805636269553795,0.9800438962712026,0.9800540906017579,20,1003,0.019940179461615155,0.9991133271305994
117__mode-augmented__size-224__backbone-resnet18__clf-rf_n200_depthnone,ok,base,RF_n200_depthNone,augmented,224,resnet18,random_forest,"{""n_estimators"": 200, ""max_depth"": null, ""n_jobs"": -1, ""class_weight"": null}",True,39.276502,/content/cat-dog-image-classifier/features/grid_search_exhaustive_132/mode-augmented__size-224__norm-imagenet__backbone-resnet18__pretrained-true,117__mode-augmented__size-224__backbone-resnet18__clf-rf_n200_depthnone,0.9800598205383848,0.9805636269553795,0.9800438962712026,0.9800540906017579,20,1003,0.019940179461615155,0.9991371837997312
056__mode-center_crop__size-224__backbone-vgg16__clf-lr_c1.0,ok,base,LR_C1.0,center_crop,224,vgg16,logistic_regression,"{""C"": 1.0, ""max_iter"": 3000, ""class_weight"": null, ""n_jobs"": -1}",True,0.460632,/content/cat-dog-image-classifier/features/grid_search_exhaustive_132/mode-center_crop__size-224__norm-imagenet__backbone-vgg16__pretrained-true,056__mode-center_crop__size-224__backbone-vgg16__clf-lr_c1.0,0.9790628115653041,0.9790772020230938,0.9790657728367965,0.9790627283164597,21,1003,0.020937188434695914,0.9976222853098583
013__mode-stretch__size-224__backbone-resnet18__clf-lr_c10.0,ok,base,LR_C10.0,stretch,224,resnet18,logistic_regression,"{""C"": 10.0, ""max_iter"": 3000, ""class_weight"": null, ""n_jobs"": -1}",True,0.3446,/content/cat-dog-image-classifier/features/grid_search_exhaustive_132/mode-stretch__size-224__norm-imagenet__backbone-resnet18__pretrained-true,013__mode-stretch__size-224__backbone-resnet18__clf-lr_c10.0,0.9790628115653041,0.979114971050455,0.9790578206137526,0.9790620623018709,21,1003,0.020937188434695914,0.998003992015968
047__mode-center_crop__size-224__backbone-resnet18__clf-svmlinear_c0.1,ok,base,SVMLinear_C0.1,center_crop,224,resnet18,svm_linear,"{""C"": 0.1, ""probability"": true, ""class_weight"": null}",True,5.47306,/content/cat-dog-image-classifier/features/grid_search_exhaustive_132/mode-center_crop__size-224__norm-imagenet__backbone-resnet18__pretrained-true,047__mode-center_crop__size-224__backbone-resnet18__clf-svmlinear_c0.1,0.9790628115653041,0.9791497653702379,0.9790697489483184,0.9790620623018709,21,1003,0.020937188434695914,0.9971928652654849
049__mode-center_crop__size-224__backbone-resnet18__clf-rf_n100_depthnone,ok,base,RF_n100_depthNone,center_crop,224,resnet18,random_forest,"{""n_estimators"": 100, ""max_depth"": null, ""n_jobs"": -1, ""class_weight"": null}",True,18.488033,/content/cat-dog-image-classifier/features/grid_search_exhaustive_132/mode-center_crop__size-224__norm-imagenet__backbone-resnet18__pretrained-true,049__mode-center_crop__size-224__backbone-resnet18__clf-rf_n100_depthnone,0.9790628115653041,0.9793034172733421,0.9790518564464696,0.979059814189777,21,1003,0.020937188434695914,0.9982843078782674
052__mode-center_crop__size-224__backbone-resnet18__clf-rf_n200_depth20,ok,base,RF_n200_depth20,center_crop,224,resnet18,random_forest,"{""n_estimators"": 200, ""max_depth"": 20, ""n_jobs"": -1, ""class_weight"": null}",True,38.768148,/content/cat-dog-image-classifier/features/grid_search_exhaustive_132/mode-center_crop__size-224__norm-imagenet__backbone-resnet18__pretrained-true,052__mode-center_crop__size-224__backbone-resnet18__clf-rf_n200_depth20,0.9790628115653041,0.979505456455811,0.9790478803349476,0.9790574823043033,21,1003,0.020937188434695914,0.9985924565212204
118__mode-augmented__size-224__backbone-resnet18__clf-rf_n200_depth20,ok,base,RF_n200_depth20,augmented,224,resnet18,random_forest,"{""n_estimators"": 200, ""max_depth"": 20, ""n_jobs"": -1, ""class_weight"": null}",True,39.533322,/content/cat-dog-image-classifier/features/grid_search_exhaustive_132/mode-augmented__size-224__norm-imagenet__backbone-resnet18__pretrained-true,118__mode-augmented__size-224__backbone-resnet18__clf-rf_n200_depth20,0.9790628115653041,0.9796294526982914,0.9790458922791867,0.9790560662632932,21,1003,0.020937188434695914,0.9991013987960334
019__mode-stretch__size-224__backbone-resnet18__clf-rf_n200_depth20,ok,base,RF_n200_depth20,stretch,224,resnet18,random_forest,"{""n_estimators"": 200, ""max_depth"": 20, ""n_jobs"": -1, ""class_weight"": null}",True,38.977152,/content/cat-dog-image-classifier/features/grid_search_exhaustive_132/mode-stretch__size-224__norm-imagenet__backbone-resnet18__pretrained-true,019__mode-stretch__size-224__backbone-resnet18__clf-rf_n200_depth20,0.9790628115653041,0.9797687976362087,0.9790439042234257,0.9790544834025949,21,1003,0.020937188434695914,0.999025852677116
057__mode-center_crop__size-224__backbone-vgg16__clf-lr_c10.0,ok,base,LR_C10.0,center_crop,224,vgg16,logistic_regression,"{""C"": 10.0, ""max_iter"": 3000, ""class_weight"": null, ""n_jobs"": -1}",True,0.286965,/content/cat-dog-image-classifier/features/grid_search_exhaustive_132/mode-center_crop__size-224__norm-imagenet__backbone-vgg16__pretrained-true,057__mode-center_crop__size-224__backbone-vgg16__clf-lr_c10.0,0.9780658025922233,0.9780715705765408,0.9780677688447805,0.9780657807890196,22,1003,0.02193419740777667,0.9977495208785616
015__mode-stretch__size-224__backbone-resnet18__clf-svmlinear_c1.0,ok,base,SVMLinear_C1.0,stretch,224,resnet18,svm_linear,"{""C"": 1.0, ""probability"": true, ""class_weight"": null}",True,6.040632,/content/cat-dog-image-classifier/features/grid_search_exhaustive_132/mode-stretch__size-224__norm-imagenet__backbone-resnet18__pretrained-true,015__mode-stretch__size-224__backbone-resnet18__clf-svmlinear_c1.0,0.9780658025922233,0.9780657807890196,0.9780657807890196,0.9780657807890196,22,1003,0.02193419740777667,0.9972684113844025
026__mode-stretch__size-224__backbone-vgg16__clf-svmlinear_c1.0,ok,base,SVMLinear_C1.0,stretch,224,vgg16,svm_linear,"{""C"": 1.0, ""probability"": true, ""class_weight"": null}",True,4.988407,/content/cat-dog-image-classifier/features/grid_search_exhaustive_132/mode-stretch__size-224__norm-imagenet__backbone-vgg16__pretrained-true,026__mode-stretch__size-224__backbone-vgg16__clf-svmlinear_c1.0,0.9780658025922233,0.9781287777565693,0.9780717449563026,0.9780652574991252,22,1003,0.02193419740777667,0.9978648281126989
048__mode-center_crop__size-224__backbone-resnet18__clf-svmlinear_c1.0,ok,base,SVMLinear_C1.0,center_crop,224,resnet18,svm_linear,"{""C"": 1.0, ""probability"": true, ""class_weight"": null}",True,5.274611,/content/cat-dog-image-classifier/features/grid_search_exhaustive_132/mode-center_crop__size-224__norm-imagenet__backbone-resnet18__pretrained-true,048__mode-center_crop__size-224__backbone-resnet18__clf-svmlinear_c1.0,0.9780658025922233,0.9781287777565693,0.9780717449563026,0.9780652574991252,22,1003,0.02193419740777667,0.9969900835778641
081__mode-letterbox__size-224__backbone-resnet18__clf-svmlinear_c1.0,ok,base,SVMLinear_C1.0,letterbox,224,resnet18,svm_linear,"{""C"": 1.0, ""probability"": true, ""class_weight"": null}",True,6.460161,/content/cat-dog-image-classifier/features/grid_search_exhaustive_132/mode-letterbox__size-224__norm-imagenet__backbone-resnet18__pretrained-true,081__mode-letterbox__size-224__backbone-resnet18__clf-svmlinear_c1.0,0.9780658025922233,0.9780998242418941,0.9780618046774976,0.9780652574991252,22,1003,0.02193419740777667,0.9979284458970505
024__mode-stretch__size-224__backbone-vgg16__clf-lr_c10.0,ok,base,LR_C10.0,stretch,224,vgg16,logistic_regression,"{""C"": 10.0, ""max_iter"": 3000, ""class_weight"": null, ""n_jobs"": -1}",True,0.294751,/content/cat-dog-image-classifier/features/grid_search_exhaustive_132/mode-stretch__size-224__norm-imagenet__backbone-vgg16__pretrained-true,024__mode-stretch__size-224__backbone-vgg16__clf-lr_c10.0,0.9780658025922233,0.9782468617249773,0.9780757210678246,0.9780640363922666,22,1003,0.02193419740777667,0.9983936509451217
090__mode-letterbox__size-224__backbone-vgg16__clf-lr_c10.0,ok,base,LR_C10.0,letterbox,224,vgg16,logistic_regression,"{""C"": 10.0, ""max_iter"": 3000, ""class_weight"": null, ""n_jobs"": -1}",True,0.308585,/content/cat-dog-image-classifier/features/grid_search_exhaustive_132/mode-letterbox__size-224__norm-imagenet__backbone-vgg16__pretrained-true,090__mode-letterbox__size-224__backbone-vgg16__clf-lr_c10.0,0.9780658025922233,0.9785383384674164,0.9780816852351075,0.9780608957788153,22,1003,0.02193419740777667,0.998679930974704
050__mode-center_crop__size-224__backbone-resnet18__clf-rf_n100_depth20,ok,base,RF_n100_depth20,center_crop,224,resnet18,random_forest,"{""n_estimators"": 100, ""max_depth"": 20, ""n_jobs"": -1, ""class_weight"": null}",True,19.753837,/content/cat-dog-image-classifier/features/grid_search_exhaustive_132/mode-center_crop__size-224__norm-imagenet__backbone-resnet18__pretrained-true,050__mode-center_crop__size-224__backbone-resnet18__clf-rf_n100_depth20,0.9780658025922233,0.9784513633541856,0.9780518643986926,0.9780608957788153,22,1003,0.02193419740777667,0.9984731731755612
085__mode-letterbox__size-224__backbone-resnet18__clf-rf_n200_depth20,ok,base,RF_n200_depth20,letterbox,224,resnet18,random_forest,"{""n_estimators"": 200, ""max_depth"": 20, ""n_jobs"": -1, ""class_weight"": null}",True,39.916686,/content/cat-dog-image-classifier/features/grid_search_exhaustive_132/mode-letterbox__size-224__norm-imagenet__backbone-resnet18__pretrained-true,085__mode-letterbox__size-224__backbone-resnet18__clf-rf_n200_depth20,0.9780658025922233,0.9786988373944896,0.9780478882871707,0.9780579288180358,22,1003,0.02193419740777667,0.9990815182384235
025__mode-stretch__size-224__backbone-vgg16__clf-svmlinear_c0.1,ok,base,SVMLinear_C0.1,stretch,224,vgg16,svm_linear,"{""C"": 0.1, ""probability"": true, ""class_weight"": null}",True,5.946746,/content/cat-dog-image-classifier/features/grid_search_exhaustive_132/mode-stretch__size-224__norm-imagenet__backbone-vgg16__pretrained-true,025__mode-stretch__size-224__backbone-vgg16__clf-svmlinear_c0.1,0.9770687936191426,0.9771554123916328,0.9770757290200476,0.9770679729972872,23,1003,0.022931206380857428,0.9979204936740066
092__mode-letterbox__size-224__backbone-vgg16__clf-svmlinear_c1.0,ok,base,SVMLinear_C1.0,letterbox,224,vgg16,svm_linear,"{""C"": 1.0, ""probability"": true, ""class_weight"": null}",True,5.587135,/content/cat-dog-image-classifier/features/grid_search_exhaustive_132/mode-letterbox__size-224__norm-imagenet__backbone-vgg16__pretrained-true,092__mode-letterbox__size-224__backbone-vgg16__clf-svmlinear_c1.0,0.9770687936191426,0.9774823711061236,0.9770836812430915,0.9770643250783198,23,1003,0.022931206380857428,0.9979006131163967
116__mode-augmented__size-224__backbone-resnet18__clf-rf_n100_depth20,ok,base,RF_n100_depth20,augmented,224,resnet18,random_forest,"{""n_estimators"": 100, ""max_depth"": 20, ""n_jobs"": -1, ""class_weight"": null}",True,18.612892,/content/cat-dog-image-classifier/features/grid_search_exhaustive_132/mode-augmented__size-224__norm-imagenet__backbone-resnet18__pretrained-true,116__mode-augmented__size-224__backbone-resnet18__clf-rf_n100_depth20,0.9770687936191426,0.9776330037102501,0.9770518723509157,0.9770614059074163,23,1003,0.022931206380857428,0.9989363901678714
016__mode-stretch__size-224__backbone-resnet18__clf-rf_n100_depthnone,ok,base,RF_n100_depthNone,stretch,224,resnet18,random_forest,"{""n_estimators"": 100, ""max_depth"": null, ""n_jobs"": -1, ""class_weight"": null}",True,18.887408,/content/cat-dog-image-classifier/features/grid_search_exhaustive_132/mode-stretch__size-224__norm-imagenet__backbone-resnet18__pretrained-true,016__mode-stretch__size-224__backbone-resnet18__clf-rf_n100_depthnone,0.9770687936191426,0.9777717603395959,0.9770498842951547,0.9770596722980801,23,1003,0.022931206380857428,0.9990019960079841
017__mode-stretch__size-224__backbone-resnet18__clf-rf_n100_depth20,ok,base,RF_n100_depth20,stretch,224,resnet18,random_forest,"{""n_estimators"": 100, ""max_depth"": 20, ""n_jobs"": -1, ""class_weight"": null}",True,20.461887,/content/cat-dog-image-classifier/features/grid_search_exhaustive_132/mode-stretch__size-224__norm-imagenet__backbone-resnet18__pretrained-true,017__mode-stretch__size-224__backbone-resnet18__clf-rf_n100_depth20,0.9770687936191426,0.9777717603395959,0.9770498842951547,0.9770596722980801,23,1003,0.022931206380857428,0.9990775421269016
115__mode-augmented__size-224__backbone-resnet18__clf-rf_n100_depthnone,ok,base,RF_n100_depthNone,augmented,224,resnet18,random_forest,"{""n_estimators"": 100, ""max_depth"": null, ""n_jobs"": -1, ""class_weight"": null}",True,20.752277,/content/cat-dog-image-classifier/features/grid_search_exhaustive_132/mode-augmented__size-224__norm-imagenet__backbone-resnet18__pretrained-true,115__mode-augmented__size-224__backbone-resnet18__clf-rf_n100_depthnone,0.9770687936191426,0.9777717603395959,0.9770498842951547,0.9770596722980801,23,1003,0.022931206380857428,0.999011936286789
018__mode-stretch__size-224__backbone-resnet18__clf-rf_n200_depthnone,ok,base,RF_n200_depthNone,stretch,224,resnet18,random_forest,"{""n_estimators"": 200, ""max_depth"": null, ""n_jobs"": -1, ""class_weight"": null}",True,39.099934,/content/cat-dog-image-classifier/features/grid_search_exhaustive_132/mode-stretch__size-224__norm-imagenet__backbone-resnet18__pretrained-true,018__mode-stretch__size-224__backbone-resnet18__clf-rf_n200_depthnone,0.9770687936191426,0.9777717603395959,0.9770498842951547,0.9770596722980801,23,1003,0.022931206380857428,0.9990516974020087
084__mode-letterbox__size-224__backbone-resnet18__clf-rf_n200_depthnone,ok,base,RF_n200_depthNone,letterbox,224,resnet18,random_forest,"{""n_estimators"": 200, ""max_depth"": null, ""n_jobs"": -1, ""class_weight"": null}",True,40.04783,/content/cat-dog-image-classifier/features/grid_search_exhaustive_132/mode-letterbox__size-224__norm-imagenet__backbone-resnet18__pretrained-true,084__mode-letterbox__size-224__backbone-resnet18__clf-rf_n200_depthnone,0.9770687936191426,0.9777717603395959,0.9770498842951547,0.9770596722980801,23,1003,0.022931206380857428,0.9990198885098328
059__mode-center_crop__size-224__backbone-vgg16__clf-svmlinear_c1.0,ok,base,SVMLinear_C1.0,center_crop,224,vgg16,svm_linear,"{""C"": 1.0, ""probability"": true, ""class_weight"": null}",True,5.199172,/content/cat-dog-image-classifier/features/grid_search_exhaustive_132/mode-center_crop__size-224__norm-imagenet__backbone-vgg16__pretrained-true,059__mode-center_crop__size-224__backbone-vgg16__clf-svmlinear_c1.0,0.9740777666999003,0.9741043381446578,0.9740817170439997,0.9740775347912525,26,1003,0.0259222333000997,0.9967197079943698
058__mode-center_crop__size-224__backbone-vgg16__clf-svmlinear_c0.1,ok,base,SVMLinear_C0.1,center_crop,224,vgg16,svm_linear,"{""C"": 0.1, ""probability"": true, ""class_weight"": null}",True,5.922191,/content/cat-dog-image-classifier/features/grid_search_exhaustive_132/mode-center_crop__size-224__norm-imagenet__backbone-vgg16__pretrained-true,058__mode-center_crop__size-224__backbone-vgg16__clf-svmlinear_c0.1,0.9740777666999003,0.9741043381446578,0.9740817170439997,0.9740775347912525,26,1003,0.0259222333000997,0.9967236841058918
091__mode-letterbox__size-224__backbone-vgg16__clf-svmlinear_c0.1,ok,base,SVMLinear_C0.1,letterbox,224,vgg16,svm_linear,"{""C"": 0.1, ""probability"": true, ""class_weight"": null}",True,5.729637,/content/cat-dog-image-classifier/features/grid_search_exhaustive_132/mode-letterbox__size-224__norm-imagenet__backbone-vgg16__pretrained-true,091__mode-letterbox__size-224__backbone-vgg16__clf-svmlinear_c0.1,0.9730807577268196,0.973743828635133,0.9730996174980716,0.9730720851956627,27,1003,0.026919242273180457,0.997856875889655
